name,vertices,edges,colors,success,conflicts,elapsed,method,assignments,restarts,solutions
随机平面图n=50,50,144,4,True,0,0.000574,DSATUR回溯,50,0,0
随机平面图n=100,100,294,4,True,0,0.001949,DSATUR回溯,100,0,0
随机平面图n=200,200,594,4,True,0,0.007853,DSATUR回溯,200,0,0
随机平面图n=400,400,1194,4,True,0,0.026182,DSATUR回溯,400,0,0
随机平面图n=800,800,2394,4,True,0,0.104829,DSATUR回溯,800,0,0
随机平面图n=1600,1600,4794,4,True,0,0.417996,DSATUR回溯,1600,0,0
随机平面图n=3200,3200,9594,4,True,0,1.619031,DSATUR回溯,3200,0,0
随机平面图n=6400,6400,19194,4,True,0,6.590661,DSATUR回溯,6400,0,0
随机平面图n=12800,12800,38394,4,True,0,26.101393,DSATUR回溯,12800,0,0
