repeat,components,method,accuracy
0,1,2DPCA,0.8535714285714285
0,2,2DPCA,0.8964285714285715
0,3,2DPCA,0.8964285714285715
0,4,2DPCA,0.8964285714285715
0,5,2DPCA,0.8928571428571429
0,6,2DPCA,0.8892857142857142
0,7,2DPCA,0.8678571428571429
0,8,2DPCA,0.8714285714285714
0,10,2DPCA,0.8642857142857143
0,12,2DPCA,0.8607142857142858
0,14,2DPCA,0.8571428571428571
0,16,2DPCA,0.8607142857142858
0,20,2DPCA,0.8571428571428571
1,1,2DPCA,0.8178571428571428
1,2,2DPCA,0.9
1,3,2DPCA,0.8964285714285715
1,4,2DPCA,0.8928571428571429
1,5,2DPCA,0.8857142857142857
1,6,2DPCA,0.8857142857142857
1,7,2DPCA,0.8821428571428571
1,8,2DPCA,0.8928571428571429
1,10,2DPCA,0.8714285714285714
1,12,2DPCA,0.8785714285714286
1,14,2DPCA,0.8928571428571429
1,16,2DPCA,0.8892857142857142
1,20,2DPCA,0.8642857142857143
2,1,2DPCA,0.8321428571428572
2,2,2DPCA,0.9
2,3,2DPCA,0.8964285714285715
2,4,2DPCA,0.9071428571428571
2,5,2DPCA,0.9
2,6,2DPCA,0.9178571428571428
2,7,2DPCA,0.8857142857142857
2,8,2DPCA,0.875
2,10,2DPCA,0.8857142857142857
2,12,2DPCA,0.8821428571428571
2,14,2DPCA,0.875
2,16,2DPCA,0.8678571428571429
2,20,2DPCA,0.8714285714285714
3,1,2DPCA,0.8107142857142857
3,2,2DPCA,0.9
3,3,2DPCA,0.9107142857142857
3,4,2DPCA,0.9178571428571428
3,5,2DPCA,0.8964285714285715
3,6,2DPCA,0.8928571428571429
3,7,2DPCA,0.8964285714285715
3,8,2DPCA,0.8928571428571429
3,10,2DPCA,0.8857142857142857
3,12,2DPCA,0.8785714285714286
3,14,2DPCA,0.875
3,16,2DPCA,0.8678571428571429
3,20,2DPCA,0.8678571428571429
4,1,2DPCA,0.8571428571428571
4,2,2DPCA,0.9071428571428571
4,3,2DPCA,0.9
4,4,2DPCA,0.9214285714285714
4,5,2DPCA,0.9142857142857143
4,6,2DPCA,0.9107142857142857
4,7,2DPCA,0.8928571428571429
4,8,2DPCA,0.8821428571428571
4,10,2DPCA,0.8857142857142857
4,12,2DPCA,0.8785714285714286
4,14,2DPCA,0.8714285714285714
4,16,2DPCA,0.8642857142857143
4,20,2DPCA,0.8428571428571429
5,1,2DPCA,0.8571428571428571
5,2,2DPCA,0.8928571428571429
5,3,2DPCA,0.8964285714285715
5,4,2DPCA,0.9142857142857143
5,5,2DPCA,0.9071428571428571
5,6,2DPCA,0.8964285714285715
5,7,2DPCA,0.8892857142857142
5,8,2DPCA,0.9035714285714286
5,10,2DPCA,0.8964285714285715
5,12,2DPCA,0.8857142857142857
5,14,2DPCA,0.8821428571428571
5,16,2DPCA,0.8821428571428571
5,20,2DPCA,0.8821428571428571
6,1,2DPCA,0.8285714285714286
6,2,2DPCA,0.8928571428571429
6,3,2DPCA,0.9035714285714286
6,4,2DPCA,0.8964285714285715
6,5,2DPCA,0.8928571428571429
6,6,2DPCA,0.8857142857142857
6,7,2DPCA,0.8892857142857142
6,8,2DPCA,0.8892857142857142
6,10,2DPCA,0.8857142857142857
6,12,2DPCA,0.8785714285714286
6,14,2DPCA,0.8821428571428571
6,16,2DPCA,0.875
6,20,2DPCA,0.8678571428571429
7,1,2DPCA,0.8285714285714286
7,2,2DPCA,0.8892857142857142
7,3,2DPCA,0.8892857142857142
7,4,2DPCA,0.9035714285714286
7,5,2DPCA,0.9178571428571428
7,6,2DPCA,0.9142857142857143
7,7,2DPCA,0.9035714285714286
7,8,2DPCA,0.9107142857142857
7,10,2DPCA,0.9035714285714286
7,12,2DPCA,0.8892857142857142
7,14,2DPCA,0.8892857142857142
7,16,2DPCA,0.8785714285714286
7,20,2DPCA,0.8785714285714286
8,1,2DPCA,0.8178571428571428
8,2,2DPCA,0.9
8,3,2DPCA,0.8821428571428571
8,4,2DPCA,0.9
8,5,2DPCA,0.9
8,6,2DPCA,0.8964285714285715
8,7,2DPCA,0.8892857142857142
8,8,2DPCA,0.8928571428571429
8,10,2DPCA,0.8892857142857142
8,12,2DPCA,0.8821428571428571
8,14,2DPCA,0.875
8,16,2DPCA,0.8642857142857143
8,20,2DPCA,0.8678571428571429
9,1,2DPCA,0.8642857142857143
9,2,2DPCA,0.9464285714285714
9,3,2DPCA,0.9535714285714286
9,4,2DPCA,0.9464285714285714
9,5,2DPCA,0.95
9,6,2DPCA,0.9464285714285714
9,7,2DPCA,0.9464285714285714
9,8,2DPCA,0.9392857142857143
9,10,2DPCA,0.9428571428571428
9,12,2DPCA,0.9392857142857143
9,14,2DPCA,0.9285714285714286
9,16,2DPCA,0.9071428571428571
9,20,2DPCA,0.9142857142857143
10,1,2DPCA,0.8321428571428572
10,2,2DPCA,0.9071428571428571
10,3,2DPCA,0.8857142857142857
10,4,2DPCA,0.9
10,5,2DPCA,0.9
10,6,2DPCA,0.9035714285714286
10,7,2DPCA,0.875
10,8,2DPCA,0.875
10,10,2DPCA,0.8714285714285714
10,12,2DPCA,0.8607142857142858
10,14,2DPCA,0.8642857142857143
10,16,2DPCA,0.8571428571428571
10,20,2DPCA,0.8464285714285714
11,1,2DPCA,0.7928571428571428
11,2,2DPCA,0.8714285714285714
11,3,2DPCA,0.8607142857142858
11,4,2DPCA,0.8821428571428571
11,5,2DPCA,0.875
11,6,2DPCA,0.8571428571428571
11,7,2DPCA,0.8571428571428571
11,8,2DPCA,0.8571428571428571
11,10,2DPCA,0.8428571428571429
11,12,2DPCA,0.8428571428571429
11,14,2DPCA,0.8392857142857143
11,16,2DPCA,0.8357142857142857
11,20,2DPCA,0.8321428571428572
12,1,2DPCA,0.8107142857142857
12,2,2DPCA,0.8857142857142857
12,3,2DPCA,0.875
12,4,2DPCA,0.8928571428571429
12,5,2DPCA,0.8857142857142857
12,6,2DPCA,0.8857142857142857
12,7,2DPCA,0.8678571428571429
12,8,2DPCA,0.8714285714285714
12,10,2DPCA,0.8678571428571429
12,12,2DPCA,0.8642857142857143
12,14,2DPCA,0.8464285714285714
12,16,2DPCA,0.8535714285714285
12,20,2DPCA,0.85
13,1,2DPCA,0.8464285714285714
13,2,2DPCA,0.9178571428571428
13,3,2DPCA,0.9107142857142857
13,4,2DPCA,0.925
13,5,2DPCA,0.9357142857142857
13,6,2DPCA,0.9214285714285714
13,7,2DPCA,0.8785714285714286
13,8,2DPCA,0.8964285714285715
13,10,2DPCA,0.8892857142857142
13,12,2DPCA,0.875
13,14,2DPCA,0.8785714285714286
13,16,2DPCA,0.8642857142857143
13,20,2DPCA,0.8571428571428571
14,1,2DPCA,0.8178571428571428
14,2,2DPCA,0.9107142857142857
14,3,2DPCA,0.9107142857142857
14,4,2DPCA,0.9107142857142857
14,5,2DPCA,0.9142857142857143
14,6,2DPCA,0.9071428571428571
14,7,2DPCA,0.9071428571428571
14,8,2DPCA,0.9
14,10,2DPCA,0.9107142857142857
14,12,2DPCA,0.9035714285714286
14,14,2DPCA,0.9
14,16,2DPCA,0.8892857142857142
14,20,2DPCA,0.8785714285714286
15,1,2DPCA,0.8607142857142858
15,2,2DPCA,0.9392857142857143
15,3,2DPCA,0.9178571428571428
15,4,2DPCA,0.9285714285714286
15,5,2DPCA,0.9357142857142857
15,6,2DPCA,0.9178571428571428
15,7,2DPCA,0.9214285714285714
15,8,2DPCA,0.9214285714285714
15,10,2DPCA,0.9
15,12,2DPCA,0.8928571428571429
15,14,2DPCA,0.8892857142857142
15,16,2DPCA,0.8821428571428571
15,20,2DPCA,0.8714285714285714
16,1,2DPCA,0.8142857142857143
16,2,2DPCA,0.9
16,3,2DPCA,0.8857142857142857
16,4,2DPCA,0.8964285714285715
16,5,2DPCA,0.8964285714285715
16,6,2DPCA,0.8928571428571429
16,7,2DPCA,0.8892857142857142
16,8,2DPCA,0.9035714285714286
16,10,2DPCA,0.9
16,12,2DPCA,0.9071428571428571
16,14,2DPCA,0.9071428571428571
16,16,2DPCA,0.9071428571428571
16,20,2DPCA,0.8928571428571429
17,1,2DPCA,0.8071428571428572
17,2,2DPCA,0.8964285714285715
17,3,2DPCA,0.9142857142857143
17,4,2DPCA,0.9142857142857143
17,5,2DPCA,0.9142857142857143
17,6,2DPCA,0.9107142857142857
17,7,2DPCA,0.9035714285714286
17,8,2DPCA,0.9035714285714286
17,10,2DPCA,0.8964285714285715
17,12,2DPCA,0.8857142857142857
17,14,2DPCA,0.8821428571428571
17,16,2DPCA,0.8714285714285714
17,20,2DPCA,0.875
18,1,2DPCA,0.8714285714285714
18,2,2DPCA,0.9285714285714286
18,3,2DPCA,0.9392857142857143
18,4,2DPCA,0.9392857142857143
18,5,2DPCA,0.95
18,6,2DPCA,0.95
18,7,2DPCA,0.9428571428571428
18,8,2DPCA,0.9464285714285714
18,10,2DPCA,0.9285714285714286
18,12,2DPCA,0.9464285714285714
18,14,2DPCA,0.9428571428571428
18,16,2DPCA,0.9535714285714286
18,20,2DPCA,0.9392857142857143
19,1,2DPCA,0.825
19,2,2DPCA,0.8928571428571429
19,3,2DPCA,0.9
19,4,2DPCA,0.9071428571428571
19,5,2DPCA,0.8964285714285715
19,6,2DPCA,0.8964285714285715
19,7,2DPCA,0.8821428571428571
19,8,2DPCA,0.8857142857142857
19,10,2DPCA,0.8821428571428571
19,12,2DPCA,0.8714285714285714
19,14,2DPCA,0.8678571428571429
19,16,2DPCA,0.8571428571428571
19,20,2DPCA,0.8357142857142857
20,1,2DPCA,0.8321428571428572
20,2,2DPCA,0.8892857142857142
20,3,2DPCA,0.9035714285714286
20,4,2DPCA,0.9035714285714286
20,5,2DPCA,0.8964285714285715
20,6,2DPCA,0.8892857142857142
20,7,2DPCA,0.8785714285714286
20,8,2DPCA,0.8857142857142857
20,10,2DPCA,0.8821428571428571
20,12,2DPCA,0.8678571428571429
20,14,2DPCA,0.8642857142857143
20,16,2DPCA,0.8571428571428571
20,20,2DPCA,0.85
21,1,2DPCA,0.85
21,2,2DPCA,0.9142857142857143
21,3,2DPCA,0.8857142857142857
21,4,2DPCA,0.9035714285714286
21,5,2DPCA,0.8964285714285715
21,6,2DPCA,0.8964285714285715
21,7,2DPCA,0.8678571428571429
21,8,2DPCA,0.8607142857142858
21,10,2DPCA,0.8571428571428571
21,12,2DPCA,0.8535714285714285
21,14,2DPCA,0.85
21,16,2DPCA,0.8464285714285714
21,20,2DPCA,0.8357142857142857
22,1,2DPCA,0.8357142857142857
22,2,2DPCA,0.8892857142857142
22,3,2DPCA,0.8785714285714286
22,4,2DPCA,0.8857142857142857
22,5,2DPCA,0.875
22,6,2DPCA,0.8857142857142857
22,7,2DPCA,0.8678571428571429
22,8,2DPCA,0.875
22,10,2DPCA,0.8785714285714286
22,12,2DPCA,0.8714285714285714
22,14,2DPCA,0.8678571428571429
22,16,2DPCA,0.85
22,20,2DPCA,0.85
23,1,2DPCA,0.8607142857142858
23,2,2DPCA,0.9357142857142857
23,3,2DPCA,0.9178571428571428
23,4,2DPCA,0.925
23,5,2DPCA,0.9214285714285714
23,6,2DPCA,0.9178571428571428
23,7,2DPCA,0.9142857142857143
23,8,2DPCA,0.9107142857142857
23,10,2DPCA,0.9107142857142857
23,12,2DPCA,0.9035714285714286
23,14,2DPCA,0.9
23,16,2DPCA,0.9
23,20,2DPCA,0.9035714285714286
24,1,2DPCA,0.8785714285714286
24,2,2DPCA,0.9178571428571428
24,3,2DPCA,0.9214285714285714
24,4,2DPCA,0.9285714285714286
24,5,2DPCA,0.9142857142857143
24,6,2DPCA,0.9214285714285714
24,7,2DPCA,0.9142857142857143
24,8,2DPCA,0.9142857142857143
24,10,2DPCA,0.925
24,12,2DPCA,0.9214285714285714
24,14,2DPCA,0.9071428571428571
24,16,2DPCA,0.9
24,20,2DPCA,0.8964285714285715
25,1,2DPCA,0.8428571428571429
25,2,2DPCA,0.9107142857142857
25,3,2DPCA,0.8964285714285715
25,4,2DPCA,0.9071428571428571
25,5,2DPCA,0.8928571428571429
25,6,2DPCA,0.8857142857142857
25,7,2DPCA,0.8714285714285714
25,8,2DPCA,0.875
25,10,2DPCA,0.85
25,12,2DPCA,0.8464285714285714
25,14,2DPCA,0.8464285714285714
25,16,2DPCA,0.8428571428571429
25,20,2DPCA,0.825
26,1,2DPCA,0.8035714285714286
26,2,2DPCA,0.9
26,3,2DPCA,0.8821428571428571
26,4,2DPCA,0.9142857142857143
26,5,2DPCA,0.9107142857142857
26,6,2DPCA,0.9107142857142857
26,7,2DPCA,0.9071428571428571
26,8,2DPCA,0.9035714285714286
26,10,2DPCA,0.8964285714285715
26,12,2DPCA,0.8892857142857142
26,14,2DPCA,0.8785714285714286
26,16,2DPCA,0.8821428571428571
26,20,2DPCA,0.8642857142857143
27,1,2DPCA,0.8392857142857143
27,2,2DPCA,0.9178571428571428
27,3,2DPCA,0.9035714285714286
27,4,2DPCA,0.9178571428571428
27,5,2DPCA,0.9035714285714286
27,6,2DPCA,0.9035714285714286
27,7,2DPCA,0.8928571428571429
27,8,2DPCA,0.9035714285714286
27,10,2DPCA,0.8892857142857142
27,12,2DPCA,0.8928571428571429
27,14,2DPCA,0.8821428571428571
27,16,2DPCA,0.8892857142857142
27,20,2DPCA,0.8785714285714286
28,1,2DPCA,0.8392857142857143
28,2,2DPCA,0.9
28,3,2DPCA,0.875
28,4,2DPCA,0.8785714285714286
28,5,2DPCA,0.8607142857142858
28,6,2DPCA,0.8678571428571429
28,7,2DPCA,0.8535714285714285
28,8,2DPCA,0.8571428571428571
28,10,2DPCA,0.85
28,12,2DPCA,0.8357142857142857
28,14,2DPCA,0.8285714285714286
28,16,2DPCA,0.825
28,20,2DPCA,0.825
29,1,2DPCA,0.8571428571428571
29,2,2DPCA,0.9035714285714286
29,3,2DPCA,0.9178571428571428
29,4,2DPCA,0.925
29,5,2DPCA,0.9178571428571428
29,6,2DPCA,0.8964285714285715
29,7,2DPCA,0.875
29,8,2DPCA,0.8857142857142857
29,10,2DPCA,0.8821428571428571
29,12,2DPCA,0.875
29,14,2DPCA,0.8642857142857143
29,16,2DPCA,0.8678571428571429
29,20,2DPCA,0.85
